City_ID,City,Lat,Lng,Max Temp,Humidity,Cloudiness,Wind Speed,Country,Date
0,nome,64.5011,-165.4064,48.27,87,90,17.27,US,1628961563
1,arraial do cabo,-22.9661,-42.0278,66.16,88,90,5.75,BR,1628961563
2,dunedin,-45.8742,170.5036,49.8,47,64,11.01,NZ,1628961563
3,hobart,-42.8794,147.3294,55.26,63,90,5.01,AU,1628961282
4,ariquemes,-9.9133,-63.0408,99.34,21,22,3.0,BR,1628961564
5,ushuaia,-54.8,-68.3,38.86,70,20,0.0,AR,1628961564
6,inirida,3.8653,-67.9239,81.5,79,100,2.73,CO,1628961564
7,saint george,37.1041,-113.5841,93.79,33,1,5.01,US,1628961295
8,san andres,12.5847,-81.7006,82.74,75,64,15.64,CO,1628961565
9,hermanus,-34.4187,19.2345,53.8,76,0,13.94,ZA,1628961565
10,redmond,47.674,-122.1215,78.35,69,4,1.99,US,1628961271
11,mackay,-21.15,149.2,66.04,79,86,14.92,AU,1628961565
12,butaritari,3.0707,172.7902,82.35,75,67,9.19,KI,1628961566
13,new norfolk,-42.7826,147.0587,54.9,68,67,4.0,AU,1628961566
14,rikitea,-23.1203,-134.9692,74.57,81,81,16.73,PF,1628961567
15,kinsale,51.7075,-8.5306,61.97,100,75,14.97,IE,1628961568
16,castro,-24.7911,-50.0119,64.13,69,80,5.61,BR,1628961568
17,gigmoto,13.7796,124.39,79.45,84,95,4.14,PH,1628961568
18,newport,51.5877,-2.9984,74.37,73,97,9.01,GB,1628961568
19,mataura,-46.1927,168.8643,44.47,83,95,5.97,NZ,1628961569
20,vostok,46.4856,135.8833,55.31,84,83,3.29,RU,1628961569
21,bredasdorp,-34.5322,20.0403,53.28,71,0,6.91,ZA,1628961569
22,asau,46.4333,26.4,76.12,67,20,1.95,RO,1628961570
23,qaanaaq,77.484,-69.3632,40.5,99,100,7.72,GL,1628961570
24,yumen,40.2833,97.2,80.4,20,2,20.87,CN,1628961570
25,takoradi,4.8845,-1.7554,79.47,68,19,14.12,GH,1628961570
26,san luis,-33.295,-66.3356,65.73,15,0,8.72,AR,1628961571
27,kapaa,22.0752,-159.319,79.12,77,75,14.97,US,1628961571
28,punta arenas,-53.15,-70.9167,39.31,87,90,9.22,CL,1628961571
29,cape town,-33.9258,18.4232,56.1,69,0,1.01,ZA,1628961546
30,denpasar,-8.65,115.2167,78.46,94,75,11.5,ID,1628961433
31,cap malheureux,-19.9842,57.6142,72.46,71,3,5.01,MU,1628961572
32,grindavik,63.8424,-22.4338,57.15,82,75,17.27,IS,1628961572
33,port blair,11.6667,92.75,81.5,84,100,13.49,IN,1628961572
34,ribeira grande,38.5167,-28.7,79.2,69,40,13.8,PT,1628961573
35,mount gambier,-37.8333,140.7667,48.4,89,6,8.88,AU,1628961573
36,dikson,73.5069,80.5464,45.95,99,100,4.36,RU,1628961573
37,talaya,61.3833,152.75,59.99,76,68,7.83,RU,1628961574
38,matara,5.9485,80.5353,78.8,85,94,12.55,LK,1628961574
39,tiarei,-17.5333,-149.3333,73.42,76,47,9.53,PF,1628961574
40,awbari,26.5921,12.7805,94.78,12,0,14.88,LY,1628961575
41,san patricio,28.017,-97.5169,93.9,48,28,5.82,US,1628961575
42,omboue,-1.5746,9.2618,77.4,81,98,9.75,GA,1628961575
43,tombouctou,20.0,-3.0,109.92,8,28,15.88,ML,1628961576
44,surgut,61.25,73.4167,68.18,73,0,6.71,RU,1628961576
45,leningradskiy,69.3833,178.4167,40.55,87,100,22.46,RU,1628961576
46,upernavik,72.7868,-56.1549,46.33,94,100,10.4,GL,1628961576
47,bethel,41.3712,-73.414,88.77,65,20,5.75,US,1628961577
48,jamestown,42.097,-79.2353,76.32,53,20,5.75,US,1628961577
49,port alfred,-33.5906,26.891,59.16,72,82,17.29,ZA,1628961577
50,yako,12.9667,-2.2667,78.01,75,100,1.52,BF,1628961578
51,kirillov,59.863,38.3813,64.33,80,76,5.99,RU,1628961578
52,korla,41.7597,86.1469,81.77,28,98,7.56,CN,1628961578
53,saint-philippe,-21.3585,55.7679,71.19,86,65,17.65,RE,1628961578
54,albany,42.6001,-73.9662,82.47,74,80,9.86,US,1628961579
55,tiksi,71.6872,128.8694,40.57,83,92,6.31,RU,1628961579
56,isangel,-19.55,169.2667,67.3,75,55,14.18,VU,1628961580
57,hilo,19.7297,-155.09,73.13,89,75,3.44,US,1628961448
58,chuy,-33.6971,-53.4616,57.18,92,100,6.69,UY,1628961580
59,bergen,60.392,5.328,63.09,82,40,11.5,NO,1628961580
60,henties bay,-22.116,14.2845,52.86,78,0,3.0,NA,1628961581
61,dong hoi,17.4833,106.6,82.0,71,100,8.63,VN,1628961442
62,tasiilaq,65.6145,-37.6368,50.16,87,29,8.23,GL,1628961581
63,prince albert,53.2001,-105.7677,78.75,44,90,6.91,CA,1628961582
64,rio grande,-32.035,-52.0986,64.51,86,98,10.33,BR,1628961582
65,abhar,36.1468,49.218,69.94,55,9,7.56,IR,1628961582
66,mackenzie,55.2999,-123.1698,66.42,68,75,11.5,CA,1628961584
67,san quintin,30.4833,-115.95,76.86,64,0,13.04,MX,1628961584
68,cidreira,-30.1811,-50.2056,62.06,84,51,17.16,BR,1628961584
69,victoria,22.2855,114.1577,83.32,84,100,1.01,HK,1628961370
70,nelson bay,-32.7167,152.15,53.96,94,0,5.75,AU,1628961585
71,provideniya,64.3833,-173.3,48.29,98,100,5.55,RU,1628961585
72,najran,17.4924,44.1277,90.25,11,7,7.47,SA,1628961585
73,boizenburg,53.3833,10.7167,71.46,71,62,11.48,DE,1628961586
74,lavrentiya,65.5833,-171.0,45.45,96,99,6.46,RU,1628961586
75,north bend,43.4065,-124.2243,68.92,88,90,8.05,US,1628961586
76,kavieng,-2.5744,150.7967,82.78,77,42,15.95,PG,1628961586
77,avarua,-21.2078,-159.775,69.85,78,40,6.91,CK,1628961548
78,touros,-5.1989,-35.4608,88.7,52,40,20.87,BR,1628961587
79,buy,58.4786,41.53,66.34,63,92,5.28,RU,1628961587
80,znamenskoye,57.1281,73.8282,55.87,93,89,5.21,RU,1628961588
81,narsaq,60.9167,-46.05,53.82,79,100,1.23,GL,1628961588
82,atuona,-9.8,-139.0333,77.81,80,28,17.34,PF,1628961588
83,mar del plata,-38.0023,-57.5575,57.22,72,20,10.36,AR,1628961589
84,alofi,-19.0595,-169.9187,66.09,94,38,4.61,NU,1628961589
85,goderich,43.7501,-81.7165,72.03,52,0,11.5,CA,1628961314
86,saldanha,-33.0117,17.9442,55.0,70,0,12.1,ZA,1628961589
87,chokurdakh,70.6333,147.9167,40.82,76,100,12.91,RU,1628961590
88,esperance,-33.8667,121.9,49.84,74,42,7.47,AU,1628961590
89,college,64.8569,-147.8028,51.75,85,75,3.44,US,1628961572
90,busselton,-33.65,115.3333,44.1,87,0,7.81,AU,1628961590
91,severo-kurilsk,50.6789,156.125,52.41,87,9,8.61,RU,1628961591
92,svetlogorsk,52.6333,29.7333,70.65,56,64,4.43,BY,1628961591
93,salalah,17.0151,54.0924,78.89,83,90,8.05,OM,1628961591
94,mwanza,-2.5167,32.9,80.37,37,75,6.6,TZ,1628961591
95,bongor,10.2806,15.3722,74.97,85,94,1.95,TD,1628961592
96,clyde river,70.4692,-68.5914,41.23,93,90,9.22,CA,1628961592
97,lae,-6.7221,146.9847,74.23,87,30,2.84,PG,1628961592
98,westport,41.1415,-73.3579,91.78,60,1,1.01,US,1628961594
99,san matias,-16.3667,-58.4,91.09,22,16,4.65,BO,1628961594
100,barrow,71.2906,-156.7887,44.62,87,90,19.57,US,1628961302
101,qandala,11.472,49.8728,90.25,53,92,4.63,SO,1628961594
102,longyearbyen,78.2186,15.6401,46.24,66,20,6.91,SJ,1628961595
103,cherskiy,68.75,161.3,44.02,74,79,9.04,RU,1628961595
104,kilosa,-6.8333,36.9833,75.52,49,82,2.28,TZ,1628961595
105,puerto ayora,-0.7393,-90.3518,76.96,73,94,8.59,EC,1628961596
106,waingapu,-9.6567,120.2641,76.23,83,29,12.06,ID,1628961596
107,deputatskiy,69.3,139.9,37.18,84,82,4.76,RU,1628961596
108,vardo,70.3705,31.1107,50.14,84,84,3.85,NO,1628961596
109,saint pete beach,27.7253,-82.7412,92.05,60,1,1.99,US,1628961597
110,kosice,48.6667,21.3333,83.32,54,0,4.61,SK,1628961597
111,hamilton,39.1834,-84.5333,83.25,64,90,1.99,US,1628961597
112,balabac,7.9868,117.0645,81.68,79,64,8.21,PH,1628961598
113,bonavista,48.6499,-53.1147,80.6,92,89,8.97,CA,1628961598
114,ostrovnoy,68.0531,39.5131,48.79,86,69,8.95,RU,1628961598
115,lanzhou,36.0564,103.7922,72.68,44,1,4.9,CN,1628961598
116,tuatapere,-46.1333,167.6833,44.82,88,87,5.93,NZ,1628961599
117,oussouye,12.485,-16.5469,89.78,67,100,10.71,SN,1628961599
118,georgetown,5.4112,100.3354,82.33,88,20,0.0,MY,1628961314
119,camana,-16.6228,-72.7111,63.28,76,93,9.6,PE,1628961599
120,torbay,47.6666,-52.7314,78.89,87,75,5.75,CA,1628961600
121,ossora,59.2353,163.0719,53.74,86,23,3.29,RU,1628961600
122,sitka,57.0531,-135.33,57.09,82,90,3.44,US,1628961601
123,saint-augustin,51.226,-58.6502,73.18,73,71,8.9,CA,1628961601
124,bubaque,11.2833,-15.8333,78.33,85,100,15.55,GW,1628961492
125,kaitangata,-46.2817,169.8464,45.55,76,85,12.15,NZ,1628961603
126,kodiak,57.79,-152.4072,54.91,54,40,10.36,US,1628961603
127,okhotsk,59.3833,143.3,55.02,94,8,3.33,RU,1628961604
128,nikolskoye,59.7035,30.7861,67.89,90,94,7.45,RU,1628961604
129,thompson,55.7435,-97.8558,71.76,64,75,6.91,CA,1628961314
130,ayan,56.45,138.1667,64.78,77,56,4.79,RU,1628961604
131,wilmington,34.2257,-77.9447,93.94,67,20,3.44,US,1628961397
132,anadyr,64.75,177.4833,52.3,93,40,6.71,RU,1628961605
133,bengkulu,-3.8004,102.2655,75.99,91,97,4.76,ID,1628961605
134,rocha,-34.4833,-54.3333,55.9,86,100,6.22,UY,1628961605
135,malaryta,51.7905,24.074,75.43,64,88,5.77,BY,1628961606
136,saint-pierre,-21.3393,55.4781,71.28,79,75,19.57,RE,1628961606
137,margate,51.3813,1.3862,74.88,57,52,4.0,GB,1628961606
138,olinda,-8.0089,-34.8553,76.73,69,40,18.41,BR,1628961477
139,dingli,35.8614,14.3822,86.16,58,0,4.61,MT,1628961607
140,kieta,-6.2167,155.6333,79.12,84,100,6.13,PG,1628961607
141,faanui,-16.4833,-151.75,78.13,73,4,5.35,PF,1628961608
142,eppingen,49.1369,8.9103,86.25,51,0,5.35,DE,1628961608
143,molina,-35.1167,-71.2833,46.13,76,90,2.3,CL,1628961608
144,east london,-33.0153,27.9116,58.14,77,0,6.91,ZA,1628961383
145,aginskoye,51.1,114.53,55.27,89,10,2.26,RU,1628961609
146,geraldton,-28.7667,114.6,46.81,100,0,11.5,AU,1628961609
147,warman,52.3168,-106.5679,80.51,32,40,11.5,CA,1628961313
148,vila franca do campo,37.7167,-25.4333,73.81,73,9,14.61,PT,1628961609
149,ushtobe,45.2514,77.9838,63.5,58,59,9.46,KZ,1628961610
150,kachug,53.9606,105.8817,58.44,70,5,2.06,RU,1628961610
151,tucuman,-26.8241,-65.2226,66.2,27,53,6.91,AR,1628961610
152,tabou,4.423,-7.3528,78.91,64,62,7.94,CI,1628961611
153,sinnamary,5.3833,-52.95,82.08,79,46,10.4,GF,1628961611
154,hobyo,5.3505,48.5268,77.47,83,42,28.05,SO,1628961612
155,baglung,28.2719,83.5898,71.82,95,96,1.57,NP,1628961612
156,kachiry,53.0675,76.1036,58.33,68,20,7.31,KZ,1628961612
157,ibra,22.6906,58.5334,91.26,39,63,10.92,OM,1628961612
158,saskylakh,71.9167,114.0833,51.78,63,100,4.65,RU,1628961613
159,necochea,-38.5473,-58.7368,65.03,49,0,9.6,AR,1628961613
160,khatanga,71.9667,102.5,53.28,63,100,4.34,RU,1628961613
161,sretensk,52.2453,117.7093,54.91,82,4,1.79,RU,1628961614
162,sohag,26.557,31.6948,97.83,12,0,12.82,EG,1628961614
163,gogrial,8.5332,28.1004,73.22,88,92,1.45,SS,1628961614
164,oistins,13.0667,-59.5333,80.69,83,40,6.91,BB,1628961615
165,kamenka,51.3223,42.7678,62.04,93,100,11.65,RU,1628961615
166,bluff,-46.6,168.3333,44.8,79,97,25.66,NZ,1628961615
167,sfantu gheorghe,45.8667,25.7833,75.81,44,1,4.5,RO,1628961594
168,maniitsoq,65.4167,-52.9,46.17,98,100,23.69,GL,1628961616
169,lagoa,39.05,-27.9833,74.44,79,32,5.91,PT,1628961616
170,nanchang,28.6833,115.8833,73.33,95,100,3.91,CN,1628961616
171,port elizabeth,-33.918,25.5701,59.29,77,40,11.5,ZA,1628961617
172,bambous virieux,-20.3428,57.7575,72.21,83,75,14.97,MU,1628961617
173,simoes,-7.5989,-40.8178,90.07,26,29,9.37,BR,1628961617
174,verkhnevilyuysk,63.4453,120.3167,57.43,96,97,6.15,RU,1628961618
175,viedma,-40.8135,-62.9967,65.75,22,0,8.03,AR,1628961618
176,fort nelson,58.8053,-122.7002,69.39,37,75,9.22,CA,1628961618
177,vaini,-21.2,-175.2,68.68,58,13,14.45,TO,1628961618
178,broken hill,-31.95,141.4333,50.02,52,1,6.08,AU,1628961619
179,cabo san lucas,22.8909,-109.9124,92.61,62,20,0.0,MX,1628961619
180,klaksvik,62.2266,-6.589,50.92,95,100,13.67,FO,1628961619
181,lata,40.1629,-8.3327,92.05,28,81,7.74,PT,1628961620
182,ayna,-12.65,-73.9167,81.1,63,79,3.67,PE,1628961620
183,lebu,-37.6167,-73.65,52.43,70,98,5.1,CL,1628961620
184,kirakira,-10.4544,161.9205,77.0,89,93,9.15,SB,1628961621
185,concordia,-31.393,-58.0209,68.07,52,75,2.3,AR,1628961357
186,rock sound,24.9,-76.2,83.5,68,37,19.19,BS,1628961621
187,sechura,-5.5569,-80.8222,77.07,56,48,6.82,PE,1628961621
188,agboville,5.928,-4.2132,81.95,57,94,7.74,CI,1628961622
189,namibe,-15.1961,12.1522,66.16,84,73,10.27,AO,1628961622
190,weligama,5.9667,80.4167,78.84,85,93,12.66,LK,1628961622
191,khao wong,16.7001,104.0902,74.37,98,100,7.07,TH,1628961623
192,guerrero negro,27.9769,-114.0611,80.24,61,23,13.53,MX,1628961623
193,hosangadi,13.7,74.95,75.16,90,100,1.34,IN,1628961623
194,nhulunbuy,-12.2333,136.7667,75.81,88,40,9.22,AU,1628961624
195,shingu,33.7333,135.9833,81.91,90,100,15.93,JP,1628961624
196,los llanos de aridane,28.6585,-17.9182,73.15,73,20,17.27,ES,1628961624
197,tura,25.5198,90.2201,74.01,96,99,4.85,IN,1628961625
198,alakurtti,66.9672,30.3491,61.63,67,76,3.67,RU,1628961625
199,pisco,-13.7,-76.2167,62.65,82,90,6.91,PE,1628961625
200,vila velha,-20.3297,-40.2925,80.55,61,20,14.97,BR,1628961391
201,souillac,-20.5167,57.5167,72.36,83,75,14.97,MU,1628961626
202,kingsville,27.5159,-97.8561,93.88,55,20,3.0,US,1628961488
203,asyut,27.181,31.1837,95.95,13,0,11.3,EG,1628961626
204,iqaluit,63.7506,-68.5145,42.53,87,90,11.5,CA,1628961608
205,nha trang,12.25,109.1833,82.4,86,100,4.68,VN,1628961626
206,whitefish,48.4111,-114.3376,73.15,46,20,4.61,US,1628961628
207,bathsheba,13.2167,-59.5167,81.21,83,40,6.91,BB,1628961628
208,maraba,-5.3686,-49.1178,95.18,49,40,3.44,BR,1628961628
209,inyonga,-6.7167,32.0667,77.18,30,21,7.7,TZ,1628961418
210,saint-francois,46.4154,3.9054,89.04,55,0,4.61,FR,1628961629
211,havoysund,70.9963,24.6622,50.88,85,97,9.4,NO,1628961629
212,tevaitoa,-16.7833,-151.5,78.13,75,10,5.95,PF,1628961629
213,baoqing,46.3317,132.2111,62.6,59,70,2.1,CN,1628961630
214,ilulissat,69.2167,-51.1,53.62,82,75,23.02,GL,1628961630
215,fortuna,40.5982,-124.1573,55.74,56,43,5.86,US,1628961630
216,sharan,54.8167,54.0,71.02,54,63,15.08,RU,1628961631
217,steinbach,50.1667,8.5667,85.51,42,0,4.61,DE,1628961631
218,vanavara,60.34,102.2797,63.25,66,99,1.99,RU,1628961631
219,porosozero,62.7191,32.727,60.06,94,100,10.16,RU,1628961631
220,alice springs,-23.7,133.8833,45.95,46,0,0.0,AU,1628961632
221,pitimbu,-7.4706,-34.8086,86.59,71,35,14.72,BR,1628961632
222,nantucket,41.2835,-70.0995,88.14,74,1,12.66,US,1628961477
223,punta alta,-38.8759,-62.0736,62.37,38,0,13.42,AR,1628961632
224,yar-sale,66.8333,70.8333,63.55,75,100,12.15,RU,1628961633
225,nelson,-41.2833,173.2833,40.28,80,6,1.01,NZ,1628961609
226,skjervoy,70.0311,20.9714,50.13,77,30,7.27,NO,1628961633
227,mustang,35.3842,-97.7245,80.8,73,75,3.44,US,1628961539
228,hithadhoo,-0.6,73.0833,82.33,73,73,13.53,MV,1628961634
229,nachalovo,46.338,48.2013,78.73,73,0,13.42,RU,1628961634
230,freeport,40.6576,-73.5832,92.08,59,1,8.01,US,1628961634
231,yellowknife,62.456,-114.3525,61.32,94,75,11.5,CA,1628961635
232,mount isa,-20.7333,139.5,69.57,32,0,5.75,AU,1628961635
233,ishigaki,24.3448,124.1572,82.65,84,19,17.31,JP,1628961635
234,chavakkad,10.5333,76.05,77.07,85,99,10.29,IN,1628961636
235,taunggyi,20.7833,97.0333,64.22,96,100,3.38,MM,1628961636
236,la ronge,55.1001,-105.2842,75.45,57,75,4.61,CA,1628961623
237,quatre cocos,-20.2078,57.7625,72.09,76,13,15.3,MU,1628961636
238,tuktoyaktuk,69.4541,-133.0374,46.4,87,90,10.36,CA,1628961637
239,avera,33.194,-82.5271,94.95,49,87,5.12,US,1628961637
240,kununurra,-15.7667,128.7333,80.58,32,90,8.05,AU,1628961637
241,nemuro,43.3236,145.575,56.43,82,100,12.8,JP,1628961637
242,coihaique,-45.5752,-72.0662,50.61,57,0,5.75,CL,1628961638
243,lorengau,-2.0226,147.2712,80.92,82,45,9.35,PG,1628961638
244,sumenep,-7.0167,113.8667,79.57,80,11,11.03,ID,1628961638
245,laguna,38.421,-121.4238,98.64,52,1,3.44,US,1628961462
246,atbasar,51.8,68.3333,64.13,47,100,6.06,KZ,1628961639
247,fare,-16.7,-151.0167,78.1,75,2,6.42,PF,1628961639
248,belgrade,44.804,20.4651,89.26,35,0,2.3,RS,1628961640
249,mayskiy,47.6931,40.1025,72.81,81,95,10.18,RU,1628961640
250,aykhal,66.0,111.5,47.21,93,100,8.72,RU,1628961640
251,karratha,-20.7377,116.8463,71.08,36,49,6.62,AU,1628961640
252,alenquer,-1.9417,-54.7383,86.34,56,90,3.44,BR,1628961641
253,peleduy,59.6289,112.7406,62.38,91,71,2.55,RU,1628961641
254,raga,8.4596,25.678,71.78,89,100,2.08,SS,1628961641
255,grand island,40.925,-98.342,80.62,52,1,4.0,US,1628961642
256,gambela,8.25,34.5833,71.91,94,93,1.72,ET,1628961642
257,san cristobal,7.7669,-72.225,73.09,80,99,4.79,VE,1628961642
258,azul,-36.777,-59.8585,56.71,54,0,7.34,AR,1628961643
259,shevchenkove,49.6959,37.1735,74.98,42,100,8.41,UA,1628961643
260,la paz,-16.5,-68.15,62.58,15,20,9.22,BO,1628961643
261,camacha,33.0833,-16.3333,75.96,78,20,13.8,PT,1628961644
262,husavik,66.0449,-17.3389,53.51,87,97,7.85,IS,1628961644
263,sao joao da barra,-21.6403,-41.0511,75.29,76,31,7.65,BR,1628961644
264,garavuti,37.5672,68.4469,75.85,16,0,5.01,TJ,1628961645
265,rancharia,-22.2292,-50.8931,83.32,29,8,3.13,BR,1628961645
266,itoman,26.1247,127.6694,80.98,94,20,10.36,JP,1628961645
267,lufilufi,-13.8745,-171.5986,73.18,76,75,19.08,WS,1628961646
268,pemangkat,1.1667,108.9667,79.21,80,92,1.41,ID,1628961646
269,kenai,60.5544,-151.2583,56.03,83,90,0.0,US,1628961646
270,colorado,-22.8375,-51.9731,81.07,36,37,7.34,BR,1628961646
271,airai,-8.9266,125.4092,55.06,73,5,3.38,TL,1628961647
272,port shepstone,-30.7414,30.455,55.94,86,100,10.78,ZA,1628961647
273,tunceli,39.1083,39.5471,83.26,59,37,7.43,TR,1628961647
274,rabo de peixe,37.8,-25.5833,72.91,83,75,11.5,PT,1628961648
275,inhambane,-23.865,35.3833,66.18,68,75,16.11,MZ,1628961648
276,ormara,25.2088,64.6357,79.72,84,75,15.66,PK,1628961648
277,vite,17.2833,74.55,70.84,86,40,10.04,IN,1628961648
278,ornskoldsvik,63.2909,18.7153,63.55,77,75,9.22,SE,1628961649
279,flinders,-34.5833,150.8552,52.81,83,4,1.01,AU,1628961649
280,vao,-22.6667,167.4833,66.42,63,26,16.04,NC,1628961649
281,codrington,-38.2667,141.9667,46.58,91,5,13.67,AU,1628961650
282,porto walter,-8.2686,-72.7439,95.63,28,100,2.13,BR,1628961650
283,broome,42.2506,-75.833,76.06,63,90,1.99,US,1628961650
284,shiyan,32.6475,110.7781,68.86,93,7,1.32,CN,1628961651
285,zharkent,44.1628,80.0,64.47,49,35,6.04,KZ,1628961651
286,liberia,6.5,-9.5,76.5,80,100,2.95,LR,1628961651
287,kahului,20.8947,-156.47,76.26,86,20,10.36,US,1628961651
288,tarakan,3.3,117.6333,78.3,94,40,2.3,ID,1628961652
289,zabaykalsk,49.6333,117.3167,57.16,85,8,5.48,RU,1628961652
290,swanzey,42.8698,-72.2818,88.77,72,75,6.91,US,1628961652
291,mangan,27.5167,88.5333,76.46,99,100,1.77,IN,1628961653
292,fairbanks,64.8378,-147.7164,53.1,85,40,5.75,US,1628961653
293,tuban,-6.8976,112.0649,77.2,83,49,6.69,ID,1628961653
294,luderitz,-26.6481,15.1594,62.55,43,0,20.04,NA,1628961653
295,jizan,17.3333,42.6667,92.34,41,9,7.63,SA,1628961654
296,donskoye,45.4552,41.9741,73.53,75,98,5.57,RU,1628961654
297,caxias,38.7031,-9.2767,91.22,46,0,5.01,PT,1628961654
298,piacabucu,-10.4056,-36.4344,78.71,69,20,9.75,BR,1628961655
299,atar,20.5169,-13.0499,109.29,12,24,20.07,MR,1628961655
300,mount pleasant,32.7941,-79.8626,91.99,68,1,4.0,US,1628961524
301,ponta do sol,32.6667,-17.1,82.71,74,86,0.2,PT,1628961656
302,ancud,-41.8697,-73.8203,48.42,69,100,3.74,CL,1628961657
303,pasighat,28.0667,95.3333,75.85,99,100,2.3,IN,1628961535
304,churapcha,62.0025,132.4325,63.1,62,32,5.95,RU,1628961657
305,lere,10.387,8.5726,74.5,87,92,4.41,NG,1628961657
306,berlevag,70.8578,29.0864,50.76,82,60,10.76,NO,1628961658
307,kitimat,54.0524,-128.6534,67.91,87,100,1.99,CA,1628961658
308,aljezur,37.3191,-8.8033,84.04,41,60,9.93,PT,1628961659
309,paamiut,61.994,-49.6678,45.3,98,100,15.95,GL,1628961659
310,kuching,1.55,110.3333,77.22,88,20,4.61,MY,1628961659
311,lerwick,60.1545,-1.1494,59.0,77,16,14.25,GB,1628961660
312,beaverlodge,55.2166,-119.4361,78.15,35,70,22.46,CA,1628961660
313,zhigansk,66.7697,123.3711,47.91,76,100,12.01,RU,1628961660
314,norman wells,65.282,-126.8329,53.64,87,75,9.22,CA,1628961660
315,waipawa,-41.4122,175.5153,38.03,83,11,5.17,NZ,1628961661
316,maralal,1.0968,36.698,61.59,77,91,6.93,KE,1628961661
317,hemsedal,60.8629,8.5534,50.0,83,100,7.11,NO,1628961662
318,itarema,-2.9248,-39.9167,87.28,50,60,17.11,BR,1628961662
319,caucaia,-3.7361,-38.6531,87.75,51,20,16.11,BR,1628961662
320,qaqortoq,60.7167,-46.0333,54.1,89,100,2.55,GL,1628961663
321,hasaki,35.7333,140.8333,68.4,94,100,2.93,JP,1628961663
322,nishihara,26.1842,127.7558,80.26,94,20,10.36,JP,1628961663
323,caravelas,-17.7125,-39.2481,77.31,56,10,7.94,BR,1628961664
324,prince rupert,54.3161,-130.3201,59.09,94,90,2.3,CA,1628961469
325,calvinia,-31.4707,19.776,50.27,60,7,12.71,ZA,1628961664
326,san felice sul panaro,44.8332,11.1426,98.13,19,0,12.73,IT,1628961664
327,faya,18.3851,42.4509,81.12,30,59,9.91,SA,1628961665
328,mora,11.0461,14.1401,78.4,74,99,4.9,CM,1628961665
329,lindsay,36.203,-119.0882,97.0,40,1,4.61,US,1628961460
330,atambua,-9.1061,124.8925,69.44,86,8,6.06,ID,1628961665
331,bolivar,37.6145,-93.4105,82.99,61,66,7.43,US,1628961570
332,nicoya,10.1483,-85.452,87.35,66,84,2.44,CR,1628961666
333,ballina,-28.8667,153.5667,59.04,93,32,6.64,AU,1628961666
334,moose factory,51.2585,-80.6094,66.2,48,75,12.66,CA,1628961667
335,cayenne,4.9333,-52.3333,87.84,76,20,4.0,GF,1628961667
336,sorong,-0.8833,131.25,77.56,87,25,6.4,ID,1628961667
337,lakes entrance,-37.8811,147.981,42.19,75,4,8.16,AU,1628961668
338,tungi,23.89,90.4058,86.0,70,75,6.91,BD,1628961668
339,dvinskoy,62.1535,45.1175,62.76,74,55,5.91,RU,1628961668
340,hualmay,-11.0964,-77.6139,66.97,69,42,9.86,PE,1628961668
341,leiyang,26.4024,112.8591,72.21,95,97,2.62,CN,1628961669
342,shimoda,34.6667,138.95,80.71,93,100,19.91,JP,1628961669
343,trujillo,-8.116,-79.03,66.16,77,40,10.36,PE,1628961669
344,zhezkazgan,47.8043,67.7144,64.29,37,81,14.23,KZ,1628961670
345,metlaltoyuca,20.7333,-97.85,89.33,58,11,1.21,MX,1628961670
346,kommunisticheskiy,61.6789,64.4819,68.07,60,62,12.62,RU,1628961670
347,muli,2.9167,73.5667,82.76,75,29,18.28,MV,1628961670
348,itaituba,-4.2761,-55.9836,87.96,74,75,0.0,BR,1628961671
349,bichena,10.45,38.2,57.09,77,32,4.54,ET,1628961671
350,hollins,37.3413,-79.9431,94.19,56,75,10.36,US,1628961672
351,labuhan,-6.8844,112.2051,77.85,81,56,7.2,ID,1628961672
352,balkanabat,39.5108,54.3671,89.24,15,0,15.17,TM,1628961672
353,tilichiki,60.4667,166.1,48.7,90,66,1.97,RU,1628961673
354,satrikh,26.8667,81.2,86.07,77,65,5.66,IN,1628961674
355,brae,60.3964,-1.353,58.91,81,20,12.17,GB,1628961674
356,rosarito,32.3333,-117.0333,87.67,60,2,9.46,MX,1628961674
357,port lincoln,-34.7333,135.8667,51.67,64,0,7.11,AU,1628961675
358,puro,12.4841,123.3827,79.3,83,85,4.27,PH,1628961675
359,komsomolskoye,55.2567,47.5461,62.26,89,100,3.42,RU,1628961675
360,eyl,7.9803,49.8164,78.15,79,60,26.31,SO,1628961676
361,marystown,47.1666,-55.1483,71.51,87,95,5.12,CA,1628961676
362,tonekabon,36.8163,50.8738,84.15,56,6,1.57,IR,1628961676
363,lexington park,38.2668,-76.4538,91.81,63,40,0.0,US,1628961495
364,marzuq,14.4,46.4667,85.5,45,4,8.46,YE,1628961677
365,krasnyy chikoy,50.3643,108.7512,56.64,91,16,2.84,RU,1628961677
366,whitehorse,60.7161,-135.0538,57.09,66,90,11.5,CA,1628961677
367,lucapa,-8.4192,20.7447,80.29,36,91,3.53,AO,1628961678
368,solnechnyy,50.7214,136.6319,58.82,75,45,2.82,RU,1628961678
369,hambantota,6.1241,81.1185,80.01,76,92,19.17,LK,1628961678
370,kalengwa,-13.4659,25.0027,69.35,24,0,6.24,ZM,1628961678
371,dali,25.7,100.1833,63.46,95,100,2.62,CN,1628961679
372,chicama,-7.8447,-79.1469,64.94,59,46,9.53,PE,1628961679
373,paita,-5.0892,-81.1144,81.16,67,53,9.66,PE,1628961679
374,beckley,37.7782,-81.1882,80.06,78,75,4.61,US,1628961680
375,tazmalt,36.3868,4.3989,103.05,11,16,14.09,DZ,1628961680
376,iberia,29.9502,-91.7507,89.98,62,20,6.91,US,1628961680
377,lake havasu city,34.4839,-114.3224,93.06,42,1,1.01,US,1628961504
378,forestville,38.8451,-76.875,91.49,62,20,8.05,US,1628961681
379,esso,55.9333,158.7,50.0,93,12,4.54,RU,1628961681
380,kristiinankaupunki,62.2743,21.376,61.68,73,84,14.9,FI,1628961681
381,constitucion,-35.3333,-72.4167,56.19,62,99,3.58,CL,1628961682
382,honningsvag,70.9821,25.9704,49.24,84,68,10.51,NO,1628961682
383,wenatchee,47.4235,-120.3103,88.83,37,20,5.75,US,1628961581
384,san vicente,-26.6167,-54.1333,69.35,63,74,4.68,AR,1628961682
385,havre-saint-pierre,50.2334,-63.5986,77.36,78,1,10.36,CA,1628961683
386,loandjili,-4.7561,11.8578,74.5,85,86,10.96,CG,1628961683
387,gat,31.61,34.7642,85.41,100,0,10.16,IL,1628961684
388,kantunilkin,21.0917,-87.45,84.04,41,7,4.47,MX,1628961684
389,kungurtug,50.5994,97.5228,60.04,79,85,1.57,RU,1628961684
390,traverse city,44.7631,-85.6206,74.14,43,20,3.44,US,1628961685
391,sandnessjoen,66.0217,12.6316,64.58,80,98,25.97,NO,1628961685
392,nambour,-26.6333,152.95,58.1,97,18,2.48,AU,1628961685
393,tessalit,20.1986,1.0114,107.76,6,16,14.76,ML,1628961686
394,bogorodskoye,56.55,37.8833,71.78,70,98,1.39,RU,1628961686
395,tecoanapa,16.5167,-98.75,86.25,63,62,3.6,MX,1628961675
396,tabas,33.5959,56.9244,93.79,13,0,8.77,IR,1628961686
397,krasnoselkup,65.7,82.4667,59.5,78,100,9.28,RU,1628961686
398,yulara,-25.2406,130.9889,57.04,28,10,8.05,AU,1628961687
399,la libertad,-2.2333,-80.9,74.86,73,75,8.05,EC,1628961687
400,zhumadian,32.9794,114.0294,69.91,94,2,0.96,CN,1628961687
401,north tonawanda,43.0387,-78.8642,77.23,55,20,3.0,US,1628961688
402,nioro,13.35,-15.75,86.41,67,100,5.68,GM,1628961688
403,mecca,21.4267,39.8261,97.43,27,64,10.11,SA,1628961404
404,magadan,59.5667,150.8,54.57,91,95,1.43,RU,1628961688
405,promyshlennyy,67.5833,63.9167,58.17,95,90,12.03,RU,1628961689
406,cockburn town,21.4612,-71.1419,81.82,80,88,19.46,TC,1628961689
407,namatanai,-3.6667,152.4333,78.66,83,15,7.61,PG,1628961689
408,pundaguitan,6.3711,126.1689,82.94,72,96,6.85,PH,1628961690
409,wuwei,37.9281,102.6414,74.62,35,58,5.3,CN,1628961690
410,cururupu,-1.8283,-44.8683,82.8,74,36,6.2,BR,1628961690
411,totness,5.8833,-56.3167,82.36,78,96,5.35,SR,1628961690
412,altay,47.8667,88.1167,65.35,46,100,0.74,CN,1628961692
413,samarai,-10.6167,150.6667,77.76,86,76,18.03,PG,1628961692
414,carnarvon,-24.8667,113.6333,57.27,40,0,10.36,AU,1628961692
415,xingcheng,40.6167,120.7167,68.11,78,5,5.41,CN,1628961694
416,conneaut,41.9476,-80.5542,79.97,62,13,11.32,US,1628961694
417,krasnoarmeysk,51.0239,45.6969,72.28,67,99,12.15,RU,1628961695
418,mathbaria,22.2876,89.9593,81.63,90,100,6.46,BD,1628961696
419,verkhnyaya inta,65.9811,60.3094,56.55,87,65,21.21,RU,1628961696
420,genhe,50.7833,121.5167,55.67,79,54,0.34,CN,1628961696
421,meadow lake,34.8014,-106.5436,77.7,55,97,8.63,US,1628961469
422,toamasina,-18.1667,49.3833,69.8,94,75,16.11,MG,1628961697
423,urumqi,43.801,87.6005,65.35,68,0,8.95,CN,1628961697
424,gondanglegi,-7.7479,112.0132,75.16,87,8,7.56,ID,1628961697
425,hanstholm,57.1167,8.6167,62.74,75,43,24.05,DK,1628961697
426,pozo colorado,-23.4923,-58.7972,79.47,22,0,4.07,PY,1628961698
427,hervey bay,-25.2986,152.8535,60.04,78,5,6.22,AU,1628961698
428,veraval,20.9,70.3667,80.4,81,100,16.55,IN,1628961698
429,moron,-34.6534,-58.6198,66.0,68,0,1.95,AR,1628961459
430,tual,-5.6667,132.75,79.92,84,77,18.3,ID,1628961699
431,lasa,46.6166,10.7002,81.63,70,64,3.27,IT,1628961699
432,imperia,43.9667,7.7833,86.76,57,8,3.71,IT,1628961700
433,lipin bor,60.2622,37.9763,62.4,86,82,10.56,RU,1628961700
434,pangnirtung,66.1451,-65.7125,50.0,87,90,6.91,CA,1628961700
435,gondang,-7.0109,111.3189,75.4,84,39,6.24,ID,1628961701
436,paka,4.6374,103.4368,76.93,94,100,0.0,MY,1628961701
437,petropavlovsk-kamchatskiy,53.0452,158.6483,48.79,100,75,0.0,RU,1628961701
438,port-cartier,50.0334,-66.8654,66.42,100,100,3.4,CA,1628961702
439,rozvadiv,49.5,23.6167,79.48,61,27,2.95,UA,1628961702
440,nanga eboko,4.6833,12.3667,76.69,69,60,3.22,CM,1628961702
441,richards bay,-28.783,32.0377,58.05,78,100,2.8,ZA,1628961702
442,katsuura,35.1333,140.3,69.91,92,100,21.09,JP,1628961703
443,bilibino,68.0546,166.4372,43.18,78,99,5.03,RU,1628961703
444,thinadhoo,0.5333,72.9333,82.92,72,54,16.33,MV,1628961704
445,minab,27.1467,57.0801,90.9,59,20,4.23,IR,1628961704
446,jalor,25.35,72.6167,86.74,54,36,14.43,IN,1628961704
447,onega,63.9061,38.1404,62.08,77,20,5.61,RU,1628961704
448,thaba-tseka,-29.522,28.6084,36.66,97,96,2.98,LS,1628961705
449,shieli,44.1667,66.75,70.9,24,42,14.79,KZ,1628961705
450,dayong,25.0209,118.2898,80.28,97,100,0.89,CN,1628961705
451,manawar,22.2333,75.0833,80.17,73,35,5.5,IN,1628961706
452,waddan,29.1614,16.139,90.34,25,0,20.38,LY,1628961706
453,nanortalik,60.1432,-45.2371,50.16,91,100,8.28,GL,1628961706
454,bonthe,7.5264,-12.505,78.58,75,99,11.52,SL,1628961707
455,stokmarknes,68.5646,14.9108,58.5,75,45,8.46,NO,1628961707
456,yarmolyntsi,49.1924,26.8373,73.47,50,70,3.78,UA,1628961707
457,luganville,-15.5333,167.1667,73.85,85,97,13.18,VU,1628961708
458,belmonte,-15.8631,-38.8828,78.8,60,18,8.99,BR,1628961708
459,gwembe,-16.4975,27.6069,62.91,44,0,4.5,ZM,1628961708
460,baruun-urt,46.6806,113.2792,55.92,88,11,7.58,MN,1628961709
461,gamba,-2.65,10.0,75.85,84,98,9.01,GA,1628961709
462,santa flavia,38.085,13.5351,93.63,27,0,4.0,IT,1628961709
463,bandipur,27.9333,84.4167,68.97,93,100,2.75,NP,1628961710
464,natal,-5.795,-35.2094,88.45,48,0,18.41,BR,1628961502
465,marechal candido rondon,-24.5561,-54.0567,74.62,53,76,4.83,BR,1628961634
466,kruisfontein,-34.0033,24.7314,56.88,79,82,6.13,ZA,1628961710
467,poum,-20.2333,164.0167,68.49,65,41,14.74,NC,1628961711
468,aswan,24.0934,32.907,105.1,13,0,12.66,EG,1628961711
469,ust-ilimsk,58.0006,102.6619,61.0,84,100,2.75,RU,1628961711
470,bima,-8.4667,118.7167,73.78,90,6,3.02,ID,1628961711
471,sibolga,1.7427,98.7792,76.12,91,100,3.47,ID,1628961712
472,pyinmana,19.7333,96.2167,75.09,95,100,6.93,MM,1628961712
473,naze,28.3667,129.4833,78.28,88,100,14.7,JP,1628961713
474,xianyang,34.3378,108.7026,72.64,83,0,8.95,CN,1628961429
475,amalapuram,16.5833,82.0167,80.24,82,100,6.91,IN,1628961713
476,komsomolskiy,40.4272,71.7189,77.72,23,37,6.91,UZ,1628961713
477,stanilesti,46.6183,28.1714,79.38,44,0,2.42,RO,1628961714
478,tagusao,9.1924,117.8141,79.72,82,37,5.5,PH,1628961714
479,carberry,49.8689,-99.3602,82.65,26,15,11.12,CA,1628961714
480,vancouver,49.2497,-123.1193,80.55,61,20,5.01,CA,1628961586
481,bandarbeyla,9.4942,50.8122,77.18,83,56,32.44,SO,1628961715
482,magdagachi,53.45,125.8,56.08,79,1,1.36,RU,1628961715
483,joetsu,37.1483,138.2364,71.4,93,100,3.15,JP,1628961715
484,pucara,-15.9803,-71.4606,48.33,27,4,8.66,PE,1628961716
485,mehamn,71.0357,27.8492,49.62,85,90,12.46,NO,1628961717
486,emporia,38.4039,-96.1817,80.8,65,1,10.36,US,1628961717
487,port hueneme,34.1478,-119.1951,89.1,74,40,6.91,US,1628961717
488,aklavik,68.2191,-135.0107,52.63,82,20,8.05,CA,1628961718
489,odweyne,9.4092,45.064,77.49,49,79,19.19,SO,1628961718
490,lianzhou,24.7811,112.3825,77.36,97,100,1.57,CN,1628961719
491,calama,-22.4667,-68.9333,70.29,14,15,23.02,CL,1628961719
492,rio gallegos,-51.6226,-69.2181,42.85,75,75,12.66,AR,1628961695
493,beringovskiy,63.05,179.3167,54.45,78,75,9.13,RU,1628961719
494,waterbury,41.5582,-73.0515,89.02,58,40,1.01,US,1628961717
495,nortelandia,-14.4547,-56.8028,97.34,19,6,3.91,BR,1628961720
496,las vegas,36.175,-115.1372,95.61,36,1,6.91,US,1628961524
497,panama city,8.9936,-79.5197,86.43,79,40,6.91,PA,1628961718
498,haines junction,60.7522,-137.5108,55.35,76,100,1.14,CA,1628961720
499,saint-denis,48.9167,2.3333,86.49,39,0,2.3,FR,1628961721
500,chifeng,42.2683,118.9636,66.04,75,100,4.79,CN,1628961721
501,constantine,36.365,6.6147,92.61,22,0,12.66,DZ,1628961490
502,byron bay,-28.65,153.6167,59.88,92,37,6.73,AU,1628961721
503,briceno,7.111,-75.5515,66.99,99,100,0.85,CO,1628961722
504,serik,36.9169,31.0989,91.65,43,2,1.68,TR,1628961722
505,port dover,42.7834,-80.1997,77.05,50,1,8.84,CA,1628961488
506,noumea,-22.2763,166.4572,55.38,68,61,9.6,NC,1628961722
507,tsarychanka,48.937,34.4786,74.79,34,88,8.95,UA,1628961723
508,anchorage,61.2181,-149.9003,54.99,87,75,4.61,US,1628961613
509,saint anthony,45.0205,-93.218,84.25,33,1,1.99,US,1628961723
510,formosa,-26.1775,-58.1781,75.18,43,75,4.61,AR,1628961724
511,baiyin,36.5583,104.2081,70.68,44,7,6.64,CN,1628961724
512,bereda,43.2686,-7.5406,80.42,56,1,6.04,ES,1628961724
513,ponta pora,-22.5361,-55.7256,78.71,44,20,2.3,BR,1628961725
514,ndele,8.4109,20.6473,73.45,96,73,3.27,CF,1628961726
515,edinburg,55.9521,-3.1965,65.91,65,40,5.99,GB,1628961468
516,channel-port aux basques,47.5702,-59.1367,70.57,87,51,8.14,CA,1628961727
517,kendari,-3.945,122.4989,73.33,94,13,2.37,ID,1628961727
518,gornoye loo,43.7129,39.6049,74.98,85,89,4.05,RU,1628961727
519,nizhneudinsk,54.9076,99.0276,59.25,95,56,5.55,RU,1628961727
520,panalingaan,8.7842,117.4231,78.76,85,18,3.49,PH,1628961728
521,segou,13.4317,-6.2157,76.19,87,82,7.56,ML,1628961728
522,shouguang,36.88,118.7375,66.74,88,0,2.26,CN,1628961728
523,dalby,-27.1833,151.2667,51.98,93,76,3.65,AU,1628961729
524,syedove,47.0768,38.156,66.9,93,100,26.4,UA,1628961729
525,ankazobe,-18.3167,47.1167,59.41,82,11,11.16,MG,1628961729
526,zarechnyy,53.2036,45.1923,59.76,97,100,5.84,RU,1628961730
527,bolshaya sosnova,57.6713,54.6029,64.54,68,99,5.7,RU,1628961730
528,rancho palos verdes,33.7445,-118.387,88.36,82,20,4.0,US,1628961730
529,puerto ayacucho,5.6639,-67.6236,76.64,88,100,7.16,VE,1628961730
530,tahlequah,35.9154,-94.97,83.26,65,75,3.44,US,1628961731
531,kutum,14.2,24.6667,69.93,80,90,11.21,SD,1628961731
532,mount darwin,-16.7725,31.5838,65.82,53,3,11.92,ZW,1628961731
533,chara,56.9064,118.2631,58.98,66,11,3.65,RU,1628961732
534,san diego de los banos,22.6467,-83.3697,86.65,70,30,3.31,CU,1628961732
535,bambanglipuro,-7.95,110.2833,75.36,89,53,5.64,ID,1628961732
536,narbonne,43.0833,2.8333,94.01,39,1,6.15,FR,1628961733
537,vila,42.0304,-8.1588,80.71,46,94,7.11,PT,1628961733
538,svetlaya,46.5389,138.3297,53.85,88,2,5.95,RU,1628961733
539,tiznit,29.5833,-9.5,101.84,10,35,6.89,MA,1628961734
540,serro,-18.6047,-43.3794,82.27,33,12,4.7,BR,1628961734
541,pacific grove,36.6177,-121.9166,80.62,87,40,5.99,US,1628961598
542,kudahuvadhoo,2.6708,72.8944,82.94,74,44,17.54,MV,1628961734
543,conway,35.0887,-92.4421,87.78,60,1,4.61,US,1628961469
544,neokhorion,41.1833,23.25,83.97,44,49,3.53,GR,1628961735
545,dunboyne,53.4,-6.4667,60.19,90,75,9.22,IE,1628961735
546,dhidhdhoo,6.8833,73.1,81.9,76,100,18.19,MV,1628961735
547,boguchany,58.3814,97.4531,60.4,99,100,2.86,RU,1628961735
548,impfondo,1.6381,18.0667,81.57,62,89,1.9,CG,1628961736
549,harper,4.375,-7.7169,79.18,61,76,7.18,LR,1628961736
550,great falls,47.5002,-111.3008,86.41,29,1,12.66,US,1628961611
551,yadrin,55.9405,46.2062,61.79,66,97,2.08,RU,1628961737
